speed,altitude
485.1,13339.3
518.46,34516.34
501.61,23487.75
525.65,16748.43
438.32,21489.87
384.75,33138.86
398.18,15442.09
426.51,30330.05
472.01,17736.69
441.01,28005.85
520.66,20083.46
504.01,19862.9
390.83,30420.31
535.51,16310.4
471.53,11183.01
354.99,10244.47
546.93,11166.77
408.42,10063.37
503.52,32411.79
532.9,30945.64
545.81,11847.76
537.26,34118.26
421.6,18436.08
515.73,26921.16
474.85,33307.86
488.85,16472.0
461.06,28118.61
356.48,24394.89
356.45,18779.49
452.46,24520.33
410.66,23917.53
441.88,33856.52
468.66,15572.73
474.06,16792.85
401.79,23791.51
369.19,31647.81
471.73,22712.37
438.36,24042.48
535.62,29189.76
502.07,24586.49
496.16,17429.93
362.5,26125.25
429.28,18830.3
417.64,29675.52
450.09,16899.11
406.04,24639.96
353.47,29169.39
395.18,17337.56
446.03,10361.7
359.74,31145.2
483.79,33960.58
434.15,13426.17
473.37,10264.53
501.33,23066.7
374.28,13366.75
369.39,31785.01
441.14,16217.06
359.58,14373.17
401.14,31924.16
398.23,27926.66
364.93,12008.3
505.16,33022.37
500.29,28178.63
526.21,10151.16
359.82,29999.11
520.37,23847.17
484.51,16573.1
449.42,13121.54
522.37,15618.83
365.86,15415.16
405.79,20088.89
377.49,11771.48
465.44,13211.53
495.23,20822.5
400.62,12151.17
547.53,23114.28
503.21,20193.86
465.76,33153.73
386.87,14677.9
390.66,20375.42
405.39,32040.52
448.37,17962.91
374.79,23974.95
499.29,17516.29
451.77,19736.73
375.6,15926.18
511.09,22829.15
374.95,10647.9
455.06,12042.16
472.45,13050.32
443.72,14406.95
530.08,15974.23
414.91,14251.32
382.75,21754.59
444.44,23664.99
356.34,31457.37
472.27,34309.49
504.96,21359.29
461.81,29936.81
395.21,17151.23
438.51,29872.96
396.89,32207.78
392.11,26783.42
491.07,12703.5
491.7,34929.73
513.51,31019.31
455.18,34605.58
365.7,27941.06
385.82,28387.47
375.26,32332.62
495.35,32596.51
523.4,34235.93
486.54,34509.15
476.04,18726.62
482.85,10625.53
518.35,25498.43
536.84,17071.52
544.31,17683.76
509.92,34539.35
357.5,32920.21
395.65,26597.59
510.23,16363.45
413.39,28947.33
401.71,22231.11
547.85,10584.72
420.38,26005.78
540.63,12018.07
518.36,26371.05
423.68,34383.22
400.76,17000.22
445.84,16777.03
355.13,18322.99
408.14,28327.77
548.75,19549.8
446.91,31815.85
376.14,33891.81
489.15,14919.35
416.1,20209.75
443.36,14025.49
493.43,17411.54
419.79,29067.02
539.55,20163.23
426.95,20127.68
370.57,32878.33
462.8,21178.06
378.3,29641.06
384.6,16115.13
393.13,20340.4
432.43,32630.66
415.1,22800.51
388.93,25513.85
549.74,25788.03
445.61,20097.55
487.07,26939.43
463.38,12622.7
498.99,25000.44
422.63,19769.26
389.4,33159.04
525.87,20943.94
362.57,25332.54
524.26,24917.62
436.89,31889.86
474.12,27757.57
381.84,31679.79
536.52,20980.11
498.55,34627.86
406.59,10995.31
374.52,17865.48
467.43,31483.97
394.27,12608.87
423.51,14364.05
534.71,19348.75
444.21,23055.08
477.92,32372.38
413.84,18634.05
537.32,20290.89
351.05,13744.56
438.41,11221.33
429.95,12601.1
514.28,16378.51
387.93,26882.8
508.73,12112.39
493.59,27104.38
489.34,24402.35
404.36,20060.83
388.99,32123.36
361.88,22159.57
380.81,11805.79
492.1,13275.13
531.83,10563.21
479.94,24894.36
480.42,15190.72
384.42,24526.06
524.81,27229.42
548.62,23233.22
426.38,19266.88
527.6,20373.58
547.93,22651.26
462.62,23058.16
456.47,17678.91
414.65,18520.18
423.09,32700.5
453.48,11640.43
492.21,13792.47
447.98,17883.49
350.8,23474.63
508.08,27717.17
459.46,23379.59
538.23,27704.88
425.45,12653.72
415.37,18167.13
492.18,32329.5
383.59,21263.64
495.98,32434.38
428.58,17436.24
354.43,11573.84
488.04,29330.02
428.14,17420.47
515.64,26271.47
368.99,28516.98
549.62,27292.47
368.26,20153.95
505.74,30200.35
475.53,24810.13
453.33,16225.85
448.85,21566.74
523.66,26479.88
492.42,28355.19
466.37,17873.27
426.71,27962.37
510.79,18346.22
384.98,30382.42
370.98,24794.49
370.2,21103.16
390.37,20703.87
479.27,16127.56
470.3,15703.31
396.65,28371.8
539.67,34455.35
515.51,28510.3
417.12,15362.47
507.49,14865.07
418.74,30445.43
386.43,29510.88
505.22,23646.51
454.16,16341.59
489.8,26746.86
384.05,29865.36
487.04,32284.13
423.28,33176.14
409.74,29966.03
500.96,19696.46
538.47,31845.25
519.2,27433.99
386.84,20294.17
375.75,18103.25
352.88,14939.94
497.24,12776.52
513.71,20478.17
486.78,20649.99
416.52,20861.27
377.41,16984.96
537.67,14467.92
478.48,26583.68
401.5,12920.45
406.47,30895.95
373.35,18645.26
463.14,29006.03
371.62,24926.92
513.35,23989.74
463.8,15062.88
466.24,14282.38
514.01,16836.04
425.73,15810.8
443.49,27601.18
466.98,32603.4
521.89,13553.09
352.39,10219.99
528.26,15176.91
394.02,31741.73
532.69,32175.27
520.41,30774.35
385.55,15683.64
431.24,17232.07
452.7,33172.15
378.83,15224.24
439.97,14080.44
462.73,21534.53
460.78,34686.78
530.0,10599.36
505.87,22968.75
408.73,11710.45
391.65,29357.22
473.64,18798.57
429.35,28630.92
524.51,18692.77
486.06,18974.67
516.19,20693.99
505.66,15606.78
483.88,12948.94
361.14,29919.0
535.73,14020.94
446.33,14974.95
506.14,32188.76
422.97,23245.82
372.56,14946.85
485.62,31417.38
462.11,12886.25
502.86,11974.35
400.35,13684.63
393.27,30685.78
472.41,34057.98
477.86,21909.11
411.33,28657.51
356.99,14583.79
416.84,12103.28
522.27,12187.82
475.19,14045.0
543.66,27439.76
512.42,22025.43
481.19,14602.53
462.93,33766.69
529.21,34138.37
399.79,27323.93
460.58,11876.74
437.64,26444.09
377.15,29061.71
367.0,16464.56
458.14,21872.3
376.16,18339.47
405.16,20650.25
479.48,11818.63
359.49,25706.58
463.62,12987.79
442.65,25766.27
501.71,23610.03
354.2,24560.75
360.12,21792.08
416.2,29823.9
425.86,29137.5
502.4,10277.95
474.99,20347.85
417.16,30765.07
502.71,15679.81
451.3,23800.15
483.42,19071.35
391.08,30638.23
543.81,16628.16
381.51,20023.43
485.91,26593.09
454.08,32455.76
507.54,20200.43
511.43,32417.19
369.01,19766.29
452.24,33335.32
393.07,11328.43
456.92,25408.39
373.81,31777.94
449.56,34732.78
546.19,27680.37
516.53,18964.71
545.57,34020.7
413.49,19641.75
473.92,20766.56
502.46,31913.7
360.76,14855.53
496.34,33468.32
497.71,33834.0
368.33,25686.61
535.96,11946.78
444.93,19165.9
362.13,15054.14
538.8,24256.56
355.61,33503.16
392.5,34794.51
444.76,10498.3
357.48,21998.02
374.47,33796.55
451.12,22992.82
500.41,15497.17
407.41,31501.29
400.55,11960.92
519.26,28912.19
481.91,22900.01
534.04,27398.28
360.55,22595.44
533.63,25551.29
486.85,31911.29
364.89,15514.53
457.81,34203.75
375.72,32866.59
525.18,18421.99
497.96,13706.67
360.17,21771.46
358.47,32044.5
369.56,31281.58
466.73,17110.0
491.43,27877.64
443.32,29753.18
522.04,31239.46
412.74,20612.48
505.83,33650.24
479.56,14198.29
527.33,32833.11
483.81,12649.98
490.25,31412.07
439.62,16446.62
468.47,25614.55
420.99,13526.62
459.15,19218.33
500.78,11737.68
546.05,30595.64
486.23,12558.34
373.93,22918.85
499.07,27831.9
366.91,14260.2
463.51,14820.35
506.37,22409.65
481.51,18734.96
449.84,18569.63
379.99,25652.69
436.83,23823.3
535.27,11662.5
461.98,19939.31
367.57,25713.26
478.4,26297.55
390.15,25575.96
533.74,20413.72
499.93,15370.24
534.78,14723.24
533.82,34551.45
543.86,27387.65
383.23,20489.89
353.61,30018.05
435.84,19996.2
491.9,16679.57
518.04,11645.46
445.67,21039.37
523.27,32529.97
489.67,21211.02
378.58,28928.06
530.64,15457.87
499.68,14015.74
382.83,17268.76
397.85,30983.84
500.74,25340.92
537.02,21326.65
367.24,29414.69
524.97,17996.88
355.42,17296.15
442.75,12194.59
354.33,15802.88
535.0,18643.49
480.02,26223.13
405.95,12440.89
399.22,22203.03
467.32,15015.74
464.78,10503.95
439.27,27032.74
410.59,31276.98
540.54,13358.92
428.05,34803.66
472.17,25690.22
530.27,16798.98
468.55,16732.75
475.4,17168.8
385.96,19716.33
451.88,18415.4
506.77,18040.48
488.63,28603.85
417.93,29081.76
396.54,32675.27
447.68,34876.97
452.16,18169.39
542.42,13401.45
539.84,26236.24
527.5,21168.68
371.11,32320.41
417.3,32051.54
449.45,12580.75
407.01,10903.69
503.86,26144.56
544.07,14072.13
405.67,29979.33
429.07,14491.9
508.75,16440.7
452.74,18271.88
357.64,26751.42
437.74,15760.08
418.15,23651.15
474.8,12211.31
425.28,15509.3
472.37,13728.88
526.65,18071.56
394.22,31599.86
548.03,25326.01
375.5,24707.47
419.7,18277.86
494.31,23425.95
532.06,31590.52
466.77,24081.4
481.81,14132.62
394.76,15332.6
502.19,26641.12
460.01,22016.6
402.81,34096.04
417.22,29462.41
490.81,17706.5
438.83,21694.1
414.36,24314.4
478.73,11248.47
532.11,18813.93
520.0,26896.52
540.03,32421.73
444.38,15325.66
489.3,20920.07
457.5,31047.27
415.29,16422.93
435.42,26030.33
534.12,33455.91
386.78,23352.98
388.24,29743.93
496.26,19169.8
425.95,18618.06
352.12,28221.72
470.79,26907.96
425.32,20218.81
530.69,14662.96
405.44,24687.96
481.22,17047.32
453.52,19075.34
485.12,23173.88
438.06,27753.09
463.87,32978.4
361.29,29674.26
396.16,16881.51
440.28,21643.3
370.08,14160.75
549.86,27269.26
487.62,13572.29
350.23,34738.26
519.37,20887.01
436.97,22589.75
404.76,26464.41
396.26,15256.1
525.53,18260.28
391.43,24535.73
438.2,13225.75
452.58,11480.57
450.74,10958.27
482.67,15240.02
523.54,21887.4
514.11,19227.89
389.09,19005.34
445.59,13975.25
440.11,18380.22
516.07,17755.48
431.43,34688.88
364.65,10981.02
451.07,27325.47
376.96,10355.05
513.92,21630.22
403.24,31116.08
495.01,21860.37
503.05,24813.19
404.31,16768.62
374.35,24776.05
364.52,20987.11
422.7,25405.75
380.18,17387.77
477.34,30206.69
355.06,28742.28
482.12,18800.08
375.39,17460.01
500.6,29201.05
472.5,17889.24
391.84,15060.82
521.83,33532.0
402.31,23269.5
353.4,10321.93
442.29,11545.96
364.32,28735.53
363.47,25597.33
397.53,23842.48
380.48,16082.17
438.11,17268.47
456.96,23605.99
487.16,21945.8
381.45,30861.62
358.18,31271.41
409.62,33946.88
545.62,29945.29
434.21,13008.68
476.64,15047.93
517.13,13181.46
507.67,19797.6
379.38,28522.96
418.68,29222.13
516.11,10877.11
461.27,24195.52
485.95,25248.9
416.32,12399.23
521.5,12833.39
373.87,19953.35
389.81,11400.52
544.78,17131.54
454.03,26529.5
547.96,20261.77
359.64,26842.9
419.34,11360.63
380.05,24210.31
511.32,14181.44
525.38,23818.48
456.51,10873.72
367.87,10947.73
403.18,20050.01
533.95,25833.35
428.69,31152.05
450.78,15561.51
439.41,24268.11
484.56,13610.95
351.61,30864.08
420.81,34976.97
385.47,18921.91
483.55,10881.84
377.59,31195.72
393.96,14794.51
509.35,10859.38
534.6,20190.67
412.1,31143.16
535.37,11747.63
523.63,21281.06
548.29,34835.81
452.8,21834.15
384.08,32661.96
367.53,30927.22
485.7,26946.32
432.67,33302.53
428.01,24301.31
385.65,26173.85
394.39,33745.51
406.15,15135.15
490.1,13394.79
364.28,33669.8
513.22,21775.73
497.18,12727.55
407.31,25677.01
411.03,12308.61
546.55,13618.93
440.65,18939.27
475.09,32830.71
488.41,30733.36
524.11,25115.08
422.76,33596.31
452.03,25057.5
391.31,25055.12
492.91,30311.13
515.31,27309.17
505.1,16522.85
522.74,22772.54
363.35,17639.39
468.83,33694.5
400.17,31133.03
454.39,27949.95
434.84,27135.79
440.19,31733.5
434.96,30191.79
511.98,12082.25
470.68,34067.19
509.9,33343.99
529.91,22981.33
488.48,15855.25
405.29,22977.23
456.27,33118.09
375.65,14041.81
489.43,15375.76
365.23,23934.68
536.6,11217.54
434.94,12260.88
392.55,27001.36
458.74,32946.81
422.06,25158.64
372.05,26847.31
497.6,29015.36
492.88,17025.72
537.91,28614.8
505.99,32137.61
411.09,13153.06
396.79,32018.88
449.65,29242.02
361.75,28798.46
418.52,17487.66
396.96,25415.28
456.12,33615.67
506.05,14686.65
366.0,17608.68
352.24,16969.05
522.77,31539.9
389.89,29125.71
367.79,14966.98
401.27,12878.05
539.63,22467.94
465.54,30823.42
463.31,17275.32
407.54,13443.56
442.69,25144.63
482.0,27305.48
388.86,12273.72
537.39,10517.72
451.17,14471.97
531.66,34659.4
443.15,26874.17
418.4,30030.88
424.49,21684.86
410.61,13580.49
526.55,18657.97
416.01,15662.63
533.35,21786.89
494.6,19572.65
363.1,17953.05
508.62,27966.79
515.07,26413.02
504.46,22734.85
416.89,19385.16
411.72,13672.12
479.44,32750.33
421.23,14834.69
409.06,18871.07
418.12,27170.84
382.87,20749.56
354.1,23434.97
417.66,14999.34
453.55,25573.99
434.9,13027.98
356.1,27501.97
424.25,28643.11
421.45,19475.63
546.03,24480.38
426.14,27568.19
421.13,11441.56
467.23,11596.36
509.12,22433.91
362.53,21521.17
368.42,32084.36
361.65,10399.13
537.07,34982.96
384.21,15543.47
456.88,23555.64
356.53,14068.35
483.15,27382.99
395.35,19293.91
434.17,13886.53
406.08,16133.65
550.0,24591.86
408.19,27481.08
531.37,19452.34
482.2,32129.78
480.37,25808.42
466.18,25950.67
543.28,27516.24
453.21,30499.72
396.4,30046.4
475.26,19440.2
483.01,19106.04
526.19,17558.67
451.99,20501.7
491.5,11474.81
371.77,24280.37
443.68,23766.78
361.9,23137.27
509.55,19030.22
527.07,26402.97
531.31,19539.3
358.44,23898.74
518.85,14299.19
509.75,33129.32
504.88,21863.15
548.43,33629.15
506.08,30485.71
368.59,28636.07
483.65,11562.41
517.09,16988.66
371.74,25666.47
390.52,26881.04
407.28,10721.89
543.48,21142.03
538.98,20035.46
435.64,14497.96
469.62,12243.53
387.79,26063.29
429.57,25523.22
451.39,15490.55
502.02,16761.51
540.27,33133.78
433.14,21341.42
508.9,30607.95
432.86,15505.28
395.12,20848.62
461.6,34181.74
474.45,18305.31
540.77,21202.05
352.34,27738.54
484.76,26086.87
486.17,10084.46
368.67,23163.96
356.72,29377.52
457.41,15913.78
368.16,20942.52
475.48,27236.1
494.14,24140.19
458.26,22751.46
520.96,32760.14
433.39,20953.89
411.47,30677.32
436.33,12552.49
500.09,31760.26
462.88,13045.39
517.49,17777.35
371.83,30265.57
416.66,34135.93
354.69,18698.71
359.87,18098.77
505.39,18902.24
372.83,14984.86
445.87,23706.55
395.89,28760.08
372.45,23222.23
446.42,29785.73
360.67,20276.27
519.95,16064.59
378.79,19278.1
497.77,31097.24
353.93,26214.22
522.92,26807.74
358.83,32061.94
537.56,15880.46
443.21,12486.7
527.98,12980.72
490.73,31997.9
474.33,16945.26
413.31,24047.56
512.84,17239.97
454.79,32236.93
380.55,10013.47
547.79,26386.94
360.01,20813.48
466.09,25289.01
487.86,10009.99
549.91,20969.17
373.4,29646.45
499.36,10906.48
528.33,27557.45
386.35,24923.92
486.02,17601.8
371.58,28215.84
426.06,22927.02
524.67,25469.07
474.25,19601.69
515.88,17925.89
479.07,23371.2
395.74,24626.55
415.8,12543.26
517.33,11859.21
364.04,33574.93
466.44,19860.31
543.76,21983.15
384.47,29846.99
528.65,10839.33
458.82,16500.41
393.01,21199.12
471.55,10670.23
385.4,25546.54
493.11,23658.67
462.01,11431.99
499.12,33208.19
392.23,18068.05
375.92,11275.57
455.9,16090.21
383.51,22525.35
371.95,30907.61
548.93,33602.91
520.73,11926.73
392.76,30341.77
408.55,15453.01
363.0,14672.93
455.11,10087.79
352.04,30835.9
491.83,20186.85
507.25,24108.8
504.2,13492.98
453.86,22948.95
538.74,16095.13
538.51,13037.11
480.46,26453.2
351.38,24363.95
424.34,21027.75
361.45,22173.9
352.76,22533.7
409.98,13544.23
417.7,19493.63
359.2,32570.64
535.21,27108.81
451.73,23687.94
530.15,17899.73
536.79,18895.32
502.8,22338.96
459.42,11081.53
396.02,26134.18
511.45,16686.61
534.91,19845.3
501.07,32672.2
534.84,33196.35
441.07,34619.03
371.15,15321.91
458.69,27711.47
534.48,24190.74
493.09,13484.88
388.37,15124.54
350.9,10272.73
458.52,31488.69
473.45,19534.27
493.54,29891.14
409.0,31692.92
448.55,34587.55
531.72,33917.58
434.6,13135.83
479.77,15090.31
501.49,17483.41
459.3,19745.09
454.43,25564.01
480.71,18608.07
494.35,32280.91
525.26,14117.07
495.06,10372.12
481.47,26009.29
498.73,31355.74
351.11,16347.28
492.58,31177.83
445.49,11255.64
357.36,22717.79
409.22,13098.09
385.05,26532.4
540.36,17644.97
500.18,31978.67
422.24,25633.38
508.1,15352.87
495.68,19974.46
493.93,30113.22
355.79,29557.6
470.49,30131.45
533.01,20679.09
483.5,17015.76
541.07,21701.33
488.13,25604.05
404.52,22445.16
468.2,31925.49
528.37,15074.74
359.51,22143.34
470.45,10744.86
530.16,26264.86
439.05,14481.44
364.12,12140.98
512.11,34415.2
356.17,18111.1
487.48,27905.77
470.72,33384.35
351.94,21496.2
502.96,17497.73
541.74,21959.26
512.69,12373.68
397.87,20835.42
394.11,17384.29
483.1,23019.34
363.66,19252.16
485.83,13964.32
507.73,14572.86
531.77,13893.95
463.65,14631.29
529.27,26511.82
544.89,11938.81
354.73,12858.98
497.95,26644.72
508.2,13705.86
544.95,20810.3
513.6,34706.2
510.62,20962.89
477.67,24733.26
496.76,31752.5
362.85,17669.62
361.22,17500.45
456.81,10789.48
472.09,22428.44
441.55,22129.57
389.72,34086.01
516.64,25485.93
473.68,10174.51
387.12,12887.64
371.94,21554.17
486.61,23308.75
447.8,10608.43
442.9,12044.55
412.43,17415.19
375.85,28592.66
490.19,17036.94
394.46,23684.41
415.54,18548.66
541.18,28256.35
484.03,10470.25
508.58,33474.97
526.61,30055.72
510.55,33030.63
431.51,11791.39
350.98,28882.26
477.09,33816.04
454.97,29771.3
386.27,12158.91
446.07,34092.75
473.35,29369.2
532.03,25279.31
528.97,34868.99
470.51,10168.09
521.63,20529.34
365.25,12562.53
538.12,29610.33
359.15,20691.4
403.62,11728.51
449.23,29297.04
459.64,30125.13
434.52,33984.86
474.91,29074.41
515.69,25698.25
373.36,21452.74
456.74,15735.35
514.18,15366.84
536.69,21916.34
531.92,22288.89
365.06,24846.53
504.25,26728.36
403.1,11617.57
367.27,16695.71
492.01,11565.85
543.99,16576.98
548.89,18358.05
359.44,25760.42
390.29,17254.46
407.71,21420.03
380.4,25875.66
440.25,31081.22
435.74,16964.37
496.45,17652.14
480.15,28247.69
434.77,10964.19
406.39,19392.71
387.62,23518.44
370.3,23460.19
360.9,21950.53
385.77,13470.15
368.05,15476.51
395.58,23883.75
420.13,13879.85
496.37,22085.47
366.37,32014.89
477.23,30146.78
399.31,14535.11
369.68,18563.91
526.71,32649.14
410.02,13451.09
351.89,19471.36
457.01,27843.17
444.52,18947.39
473.74,16296.32
448.95,29775.33
444.96,20838.56
457.9,32247.32
411.55,21294.29
402.29,19890.57
474.58,13521.3
462.53,11627.38
512.88,19300.07
401.89,18671.46
446.2,16104.6
412.34,23178.11
523.23,22152.52
458.79,20625.59
426.22,22239.66
456.09,13845.19
545.0,10335.97
536.18,10768.3
396.0,10636.87
510.49,22070.35
472.74,26724.97
503.0,23562.8
532.85,14344.21
451.64,31468.49
454.88,13828.99
485.6,26315.46
528.79,13302.51
460.66,31013.06
542.68,29532.34
480.19,27484.24
383.75,30551.69
357.34,16078.23
422.43,23880.19
528.08,23831.86
431.67,13974.13
475.83,15107.72
522.16,28551.33
527.82,29726.68
451.04,26306.62
373.51,24952.36
446.67,24065.71
490.06,33941.38
483.91,18183.21
358.08,30103.22
471.67,34250.55
359.94,28321.39
408.83,27539.03
418.92,20464.01
529.32,24470.7
489.87,25649.05
436.51,26999.02
416.26,20664.75
510.96,33391.74
503.94,26282.62
433.21,27208.27
523.06,31704.77
499.73,18383.62
512.57,11035.99
366.87,10136.93
506.7,29041.02
364.81,24118.89
372.2,21344.7
427.36,19089.4
530.36,28700.09
430.78,17377.64
415.31,26304.64
392.57,20773.22
500.48,33014.83
413.16,27882.13
434.45,10774.79
406.71,15130.26
449.3,33737.44
369.26,25370.87
512.32,32684.03
384.69,15822.16
431.84,19806.68
437.44,14804.26
365.57,28506.04
366.71,30636.29
547.26,25120.46
469.96,21963.88
511.2,28341.18
446.81,23827.46
483.72,19120.64
538.88,28162.41
504.11,14212.75
377.81,25479.21
546.98,12206.19
402.69,26356.3
475.93,32693.75
445.95,26412.29
457.74,16021.76
393.54,16034.76
358.03,22745.16
448.42,15486.26
495.41,25347.21
467.88,34047.99
367.67,11468.52
376.4,14425.76
361.32,26903.29
392.9,16926.76
456.23,24172.42
471.62,21130.14
536.87,24454.27
512.4,27064.01
485.22,20657.06
350.73,15795.33
434.44,12216.76
491.31,27795.68
376.66,32934.59
438.91,25217.59
489.98,19624.65
454.22,14412.86
383.45,17808.8
530.87,18862.0
383.87,11497.02
373.16,31712.63
426.79,28292.9
414.63,19082.66
399.57,24351.95
419.4,19132.39
497.88,15598.36
378.44,22582.23
518.82,32377.57
545.97,18932.35
351.59,28240.07
512.03,19198.22
356.1,19840.34
482.39,12590.33
469.19,29574.84
476.82,21184.33
430.55,34112.21
494.21,32547.57
442.37,34756.75
508.25,13564.67
386.65,26120.16
438.56,14648.1
472.92,25848.38
353.96,18984.23
456.45,31357.23
418.77,24932.71
370.54,32107.39
467.58,24379.9
429.02,20910.04
369.76,29265.56
430.31,10464.24
436.15,27419.55
471.34,25491.47
513.47,28751.08
508.03,13559.95
519.74,32471.79
419.75,34884.18
357.04,25501.28
484.18,21893.56
531.18,13651.79
457.59,11421.83
381.91,33704.22
491.63,13254.94
523.13,19041.59
521.05,14770.67
470.14,22687.45
516.98,11869.01
359.66,22195.32
427.5,20311.27
413.59,16595.01
527.94,20789.83
474.2,33077.03
364.39,13642.61
396.65,27431.14
533.4,13494.56
514.06,11017.11
397.7,10686.56
437.38,14749.54
355.33,13268.9
531.49,29142.42
472.7,28413.7
481.65,23297.86
507.77,10797.23
433.93,14327.03
523.32,16593.65
517.23,25660.67
362.15,15906.2
534.63,18226.04
400.01,30475.05
537.8,21718.03
503.64,13067.32
422.1,27294.4
520.9,12445.91
393.8,11038.23
372.78,12812.67
471.38,24096.7
466.84,30011.71
455.72,28981.47
528.44,27923.02
506.43,10552.42
413.53,21922.36
495.26,32288.51
536.31,34124.91
392.68,23242.29
504.78,11952.31
464.39,29737.08
386.56,22831.57
400.45,25825.23
549.31,19334.4
534.21,15745.15
446.77,10478.06
473.08,22105.17
375.01,18402.53
358.68,31796.48
515.77,27185.2
352.5,25203.97
501.39,26626.74
545.19,12052.27
524.6,17453.64
529.19,24230.54
369.98,19331.04
387.47,29578.13
516.25,14575.3
380.88,27416.54
434.66,23150.36
364.17,14621.47
423.79,34816.51
510.36,15463.36
394.85,16257.81
460.71,16849.42
402.0,31520.99
426.65,17833.99
406.98,28644.3
525.31,28768.51
481.39,16830.86
468.54,17333.51
394.68,34819.77
367.41,24164.42
513.01,11418.16
405.14,32540.68
509.68,11655.4
528.72,26230.81
496.05,12852.56
518.27,19482.98
514.71,25627.96
474.41,16319.08
451.92,27995.69
500.52,30169.95
466.64,33751.1
510.93,26609.08
527.13,30900.45
385.38,16665.8
498.01,23591.45
529.35,28558.01
541.44,29333.11
400.71,14105.11
399.72,15113.45
411.26,27849.8
515.95,10053.28
439.8,30788.61
524.23,16418.41
382.15,22442.54
357.58,18477.32
487.37,10203.39
437.6,21823.92
475.77,24459.38
353.11,25040.7
532.29,25007.44
400.96,19870.58
350.02,19919.91
446.38,22377.46
517.75,12789.98
533.1,23634.52
365.01,11056.86
481.27,14314.94
400.82,30122.06
462.33,18718.72
528.48,12546.99
490.59,13946.6
473.96,13284.56
406.43,24902.16
417.53,21159.61
541.5,11518.13
515.57,26664.4
431.64,31247.04
418.63,17520.11
515.13,21270.54
421.84,14789.2
459.58,10855.71
432.79,25192.55
527.44,29741.11
381.78,26516.94
517.89,28995.98
526.98,30531.29
493.9,21006.88
538.61,23977.22
408.54,19393.83
484.89,26519.06
490.86,20930.54
381.41,16398.17
437.01,14353.25
364.47,24205.07
441.76,27782.23
381.25,27164.22
520.52,31259.15
459.96,32738.09
396.71,30348.64
503.48,14172.81
458.88,29076.12
477.19,28744.68
414.51,21632.41
499.53,19427.53
498.84,13433.44
481.33,23381.62
538.18,33761.9
394.34,23252.47
404.12,13266.35
411.2,33056.81
545.76,24017.14
545.36,13534.35
350.42,10161.09
463.45,16123.66
507.26,19875.14
430.87,30411.89
541.3,31030.05
420.58,26469.56
430.53,32959.19
372.51,32862.43
473.1,19242.89
528.05,18078.9
549.13,24600.7
394.95,33540.63
464.5,25859.49
490.34,28717.64
540.88,16337.38
440.61,29853.56
369.1,31109.06
440.37,28963.99
546.79,13722.39
359.07,33444.56
391.6,28206.69
416.09,16392.02
450.11,15443.82
540.12,29841.94
516.67,30527.63
409.77,25611.86
437.25,26175.54
428.29,28875.79
469.02,31663.3
356.26,32708.66
420.55,14276.48
362.75,14424.6
459.5,33435.43
510.06,30933.09
517.96,24945.57
498.06,29055.33
506.91,28190.29
404.92,12184.26
440.43,10737.65
493.21,26674.65
408.36,26768.69
388.69,31469.27
497.12,13824.65
453.93,17229.39
388.65,14764.1
352.45,18483.12
498.65,17090.7
364.25,20068.87
450.95,22958.76
465.65,10024.16
369.72,14340.34
482.42,25749.52
366.33,29491.57
537.63,12099.35
462.08,23544.09
392.62,15739.61
520.8,10482.76
438.72,22796.66
427.61,14390.47
470.26,11129.02
543.03,32637.79
452.96,24157.49
491.99,22361.68
457.76,33167.66
461.52,18145.48
378.61,19056.48
521.26,31163.53
350.47,24729.7
413.06,15977.3
434.04,27820.33
511.64,25180.86
352.26,29110.64
475.33,15936.15
357.07,33087.35
401.04,12028.12
420.95,17096.15
449.17,34725.31
503.14,22907.61
542.73,28065.03
549.51,23584.72
514.22,32028.04
544.42,32888.71
374.71,32968.38
536.06,34399.09
510.89,18119.59
387.31,22489.97
473.17,22793.31
514.47,31634.79
421.68,15008.47
476.42,29427.29
417.85,14523.99
482.2,26681.29
428.87,14006.31
535.76,31550.02
410.92,29591.49
350.66,19152.46
529.61,28687.61
362.03,14617.26
471.86,27247.77
493.68,15786.35
398.67,34337.03
412.38,34970.18
398.9,11724.08
447.23,11820.8
507.86,10806.86
394.57,12510.04
549.45,24618.51
428.48,17843.08
366.8,15908.76
421.02,24178.85
509.0,32396.61
404.74,14332.07
540.5,19508.77
482.74,11852.16
489.18,16000.02
535.91,23944.6
508.36,17312.94
351.01,21110.15
524.3,21396.44
480.93,27664.7
375.35,22665.98
495.94,25850.53
545.31,27767.24
536.73,10538.92
452.29,32885.64
380.21,21094.61
424.65,14513.61
444.68,26459.18
490.48,15536.16
463.09,11756.34
500.69,30430.55
472.2,25131.52
525.47,33275.73
402.95,23204.56
392.08,22257.91
404.83,19149.91
464.21,17165.73
423.72,32969.01
432.52,11487.46
364.71,23000.53
520.3,32303.91
532.6,34945.12
387.26,13804.25
531.64,30164.5
485.34,14222.37
490.67,10121.5
546.85,18362.86
353.8,34463.09
473.77,30177.54
508.66,20122.23
389.51,12637.26
352.65,27802.53
436.02,26798.71
388.7,25772.05
351.4,29020.04
444.48,27147.89
351.7,17825.68
527.18,14874.38
408.65,24802.18
410.9,33430.31
433.09,16161.45
398.08,28298.51
531.4,21748.94
364.76,30577.56
402.0,32770.52
429.67,24498.82
515.41,12419.69
358.85,31962.4
436.0,16073.17
422.47,10407.64
499.82,24430.47
372.62,15633.1
372.88,22505.03
539.5,22186.53
398.72,32939.98
527.79,21052.22
455.67,22180.21
353.19,32215.1
399.95,22815.16
358.62,24976.86
450.46,10544.84
368.93,30614.07
455.04,26205.88
487.56,16358.43
452.08,31805.17
487.26,16370.32
358.15,21465.31
421.98,26391.14
508.93,33371.54
505.32,27052.44
407.22,24491.64
458.08,30786.66
422.72,25311.94
541.84,10679.67
466.9,30238.23
420.19,29525.54
492.39,14110.27
389.58,10302.67
381.6,14695.88
371.06,10211.26
462.39,18264.75
545.86,30796.36
511.89,16911.28
431.28,32564.03
433.45,28838.13
505.1,17183.37
435.68,13419.85
389.78,15890.38
367.18,27187.82
516.46,20118.5
465.36,11122.35
350.36,13625.81
540.0,26953.6
383.95,27983.64
381.67,30099.63
378.15,13460.99
544.52,34521.84
473.27,28491.67
456.32,24964.56
435.46,33972.26
517.73,23302.82
538.39,11964.08
415.65,13604.25
394.63,25592.31
439.83,23191.34
359.8,29025.13
401.6,29048.39
404.98,10296.84
382.64,32724.77
448.71,28477.62
473.49,23796.81
395.28,20100.36
391.47,30592.44
454.26,10071.04
543.45,30153.45
529.73,21247.89
531.29,31340.03
513.68,19051.77
361.8,28069.42
516.93,28250.9
500.84,15104.97
389.28,19067.28
501.52,26162.72
547.08,21213.73
446.98,33250.47
543.91,30955.11
541.25,33221.63
494.58,12222.47
428.78,32714.72
370.39,22484.01
492.33,13771.54
463.56,13505.97
514.89,14549.57
482.77,27180.56
431.18,24633.11
501.16,10755.96
432.99,25670.07
427.69,16641.67
360.6,13092.62
358.52,14929.01
390.45,31790.08
391.71,32951.67
527.74,25301.86
531.87,17587.22
486.74,19361.66
429.87,33882.89
485.42,28420.29
491.79,15895.29
401.66,26544.59
415.49,12822.39
519.82,23940.75
397.11,14828.02
522.44,33635.75
419.25,21115.55
510.03,28086.37
476.9,22147.72
384.19,14652.8
353.2,30917.52
403.91,33558.71
427.32,16146.01
394.83,32799.86
456.63,24825.34
414.71,31549.35
499.4,23182.83
383.96,25837.58
418.99,12524.53
549.81,23619.91
541.59,32874.68
390.01,34130.82
544.82,14560.37
387.38,29441.92
512.28,32197.58
481.74,20251.15
485.51,27619.06
461.43,18199.44
400.42,16409.28
427.17,30033.45
411.76,22094.89
379.55,26073.54
365.67,24249.98
418.21,32100.47
451.34,34698.77
474.69,10914.75
435.21,20918.02
521.5,21825.65
424.59,34887.69
544.03,11510.17
465.84,23420.6
375.81,34581.08
452.11,28357.86
420.26,33399.76
397.25,32034.55
408.46,32852.27
548.06,20599.36
441.17,13149.06
441.48,29599.55
403.54,19967.43
549.04,17989.37
505.27,24579.43
432.09,26957.76
373.66,25931.5
526.15,15230.04
419.9,27259.11
539.2,32621.46
524.03,15279.78
410.72,27934.1
359.35,25926.64
513.1,33489.0
435.39,11409.74
489.5,34370.4
368.75,34789.61
505.04,31749.72
472.56,32096.45
409.38,18837.68
471.24,31305.83
547.83,23467.4
488.28,27551.52
495.12,25467.78
468.24,16719.84
511.01,10603.96
440.96,30569.29
379.33,22886.88
515.25,22384.9
415.62,13996.87
444.83,10113.11
353.7,13784.07
494.49,23858.0
514.3,16820.65
374.64,23037.42
444.18,11398.46
541.79,34176.3
472.65,21598.23
399.13,33266.92
390.06,28954.96
506.99,33260.28
391.24,14847.51
419.01,19751.55
350.09,32401.51
357.77,34195.63
377.79,22189.87
502.85,21764.37
430.61,24750.34
393.0,19737.59
505.41,28046.1
354.52,34036.76
528.69,33035.21
521.06,12499.52
514.91,18625.05
502.93,10783.66
389.02,26893.1
504.91,22668.85
381.38,32915.74
520.19,25207.18
478.97,31100.54
539.73,27381.24
399.69,28896.91
464.42,10253.9
525.21,34430.88
460.06,24831.49
478.28,27045.11
423.44,15590.74
461.66,22606.2
437.2,25100.97
510.7,12690.33
388.34,27353.81
403.59,12583.42
492.51,15095.92
509.71,12164.02
390.58,17349.46
457.06,23406.75
518.17,18471.99
517.43,27062.22
478.22,24406.64
478.02,17768.63
450.23,11702.24
415.89,27120.65
445.09,22233.72
358.22,31332.58
411.63,32365.39
509.0,14658.58
387.55,16995.25
469.24,20327.19
500.59,30622.38
478.3,13959.25
542.22,11261.42
515.03,19466.45
486.92,31837.69
539.76,10618.11
415.95,20286.73
380.94,23577.21
420.45,33591.9
468.72,22335.02
448.33,21235.28
423.84,32226.2
527.61,29338.41
492.11,25150.68
412.17,31990.3
350.25,17442.86
441.34,29301.07
475.99,28287.25
413.14,25015.9
520.49,19018.38
511.4,17291.79
393.36,23573.91
416.0,32810.25
442.2,24961.91
426.17,25195.84
411.12,23014.93
438.65,23984.27
424.44,28278.16
546.37,25226.48
418.3,20602.03
371.85,21739.64
409.33,21147.92
366.41,18831.85
443.59,17066.26
507.09,31315.75
511.2,21121.62
398.14,28474.54
509.5,25090.65
368.86,25455.88
442.53,20959.16
418.09,23418.18
534.52,20135.6
404.41,33951.73
429.31,32911.64
363.14,18409.97
441.7,34075.19
504.06,15712.3
437.17,16457.87
497.67,31893.75
447.9,33321.05
397.77,19272.26
510.1,33093.9
478.68,33689.96
465.73,19520.92
466.25,12341.4
399.83,26618.49
427.86,31081.71
506.24,24544.8
427.94,19526.65
496.55,17701.26
490.44,12472.41
460.15,14554.23
350.15,12669.94
416.22,12741.62
461.39,28434.58
351.45,21724.43
376.03,12286.34
473.05,20733.68
465.1,28461.11
523.05,22700.64
517.62,32898.36
398.03,31586.26
377.36,31656.83
421.41,13840.06
424.86,15205.32
438.48,10403.19
374.87,25801.73
536.28,31220.65
483.99,25728.75
534.98,11447.4
459.21,12405.13
402.24,12640.09
351.52,13189.36
421.62,22394.0
414.47,23867.39
513.43,31000.47
465.47,17191.08
503.56,33548.13
405.71,26186.96
447.14,14950.85
466.53,31292.47
449.36,34041.21
409.6,26743.61
388.8,13020.61
441.35,22806.42
511.83,10459.39
476.17,18223.15
491.51,16048.78
449.75,21608.2
469.25,19702.72
357.68,31190.51
538.08,18283.55
432.02,15284.39
428.99,12022.99
365.11,27894.36
489.62,10866.56
509.44,12178.63
521.73,21895.92
458.2,27535.44
397.15,23070.72
477.0,10716.44
448.54,26336.78
396.49,34266.4
401.48,15674.8
393.9,19852.67
522.35,15985.76
521.35,21977.4
499.34,25315.52
452.37,30543.01
455.99,19506.07
443.79,18371.97
441.42,30354.99
537.79,12299.23
511.68,18788.52
386.05,29432.2
429.49,10414.61
398.5,17549.78
449.54,22967.37
404.03,30244.54
467.97,18553.4
399.95,34434.79
467.14,23450.5
386.08,22916.46
369.41,12754.2
414.96,24342.06
442.5,13202.96
400.38,34938.82
540.56,34375.77
501.42,34312.69
538.25,34764.13
365.79,30995.57
452.53,10450.23
370.67,22580.15
457.37,14717.28
416.44,25536.86
428.36,13217.68
394.7,26421.75
374.06,10038.83
416.78,13390.42
407.82,30968.15
443.12,13921.44
504.3,27597.39
476.58,31205.47
488.71,32078.76
380.27,18808.48
457.19,27891.52
463.81,28463.53
401.31,29355.86
471.81,34593.95
425.03,34583.41
478.15,21844.17
534.43,14725.11
473.82,20570.37
537.23,16427.57
429.24,20176.29
448.15,26159.78
483.07,16200.5
365.49,28152.6
418.45,28684.85
460.22,26377.63
412.69,22507.21
516.32,13478.36
482.91,29982.99
450.86,34484.1
447.03,28803.42
511.93,27089.75
407.46,23893.61
367.46,32429.82
373.46,26776.07
422.84,31181.59
356.88,20080.57
396.34,34153.39
548.15,32688.69
478.53,32986.0
466.32,14032.08
541.39,27660.47
491.23,17550.24
439.71,18443.6
371.25,22626.81
457.67,29702.77
358.78,26192.68
383.15,25071.21
405.55,30651.93
493.61,31850.52
516.71,18543.49
459.7,10176.22
528.15,10804.35
381.87,14917.89
362.43,16813.83
367.94,16705.14
481.76,11826.5
460.82,15158.14
489.59,31637.75
384.81,23349.72
486.42,20935.86
444.32,31986.48
380.62,31872.63
439.49,18820.14
538.69,12391.06
411.85,31621.32
460.5,34167.56
438.86,28674.7
548.33,25778.25
425.84,30283.12
456.03,17757.18
521.35,33868.9
436.75,22675.25
427.14,13675.67
400.6,29103.41
353.55,12961.88
540.95,30883.18
495.5,19894.41
470.15,18744.94
435.14,19587.28
375.14,18387.62
433.62,19945.31
408.95,21843.63
454.32,31970.53
352.43,19110.39
536.46,16235.36
521.17,21436.94
387.43,22555.6
532.47,29816.53
504.71,27196.83
458.32,21133.87
467.77,20894.07
403.33,34935.68
476.55,19675.64
455.59,11022.57
449.92,10380.6
494.66,31443.18
411.38,24345.04
461.22,18085.52
477.35,24517.14
445.11,34354.08
352.07,15002.02
358.35,31310.69
428.74,22938.34
538.83,26865.36
490.37,12135.43
462.69,16112.08
355.28,16690.88
447.6,16041.27
378.22,32824.3
395.48,20891.21
404.48,21370.05
546.62,22455.81
371.66,19643.85
424.52,26707.86
404.18,25436.32
474.82,27459.18
427.96,26733.79
434.39,34102.8
351.23,27573.5
524.9,21044.56
549.16,13635.9
515.0,17397.24
537.4,21653.72
532.31,13646.92
384.92,25273.02
503.78,10429.39
444.08,17214.66
380.79,18925.24
509.84,31876.17
519.7,26503.03
357.17,12458.76
526.93,23737.98
410.25,34406.6
514.59,16267.25
407.65,16633.86
474.03,20362.53
468.02,17805.41
360.85,28497.41
375.18,13260.16
408.05,26108.13
474.63,16537.28
450.63,32999.22
404.69,26622.37
423.39,10344.76
361.0,34260.71
395.05,28623.82
438.25,18665.37
359.21,33270.35
444.12,33408.73
464.94,34754.45
470.88,13664.12
511.51,11520.51
422.27,21483.01
510.84,20044.48
519.14,28378.92
430.26,24035.59
379.61,20350.05
461.8,28453.89
412.12,23541.52
446.11,25036.59
401.42,25556.5
363.56,12126.61
434.08,34786.06
541.02,13585.37
376.92,28819.37
465.32,33623.82
423.3,17246.32
545.26,26858.58
506.16,27583.39
545.11,33359.36
461.63,32815.19
533.48,33978.3
384.63,23952.48
390.48,21305.28
431.57,14462.2
523.17,22954.06
514.67,22325.1
525.83,21708.82
545.52,19818.25
477.74,18741.39
497.29,22728.77
406.23,21516.04
528.86,22635.12
422.02,21253.57
543.35,23078.95
527.88,30876.46
522.98,25024.72
514.82,22514.18
353.31,26606.01
438.26,17139.23
366.25,15642.34
457.28,19460.26
372.01,11134.66
375.09,16644.79
542.97,31575.33
542.31,34774.15
373.26,34471.33
467.69,21582.98
464.73,24058.87
438.64,24383.56
355.7,30217.29
510.55,17817.28
401.39,24465.69
351.79,32484.64
465.99,32250.77
367.82,29499.34
432.32,22043.37
450.98,15545.72
539.91,33877.08
393.42,19613.16
392.26,29162.98
350.78,10316.48
369.53,17115.66
455.82,34017.3
525.63,19759.12
497.07,34279.49
403.67,14236.71
427.45,14958.78
426.45,16219.74
519.24,23509.26
435.59,25968.54
506.72,34546.38
496.64,24393.11
395.63,31528.19
503.18,16859.04
397.72,11550.49
437.85,31250.69
411.91,31834.19
367.96,13463.46
488.59,34244.98
377.07,11287.19
501.87,33405.05
549.58,15865.68
442.57,31215.94
406.68,23040.82
357.92,23697.29
519.0,18210.54
454.13,33847.52
477.11,11338.23
394.05,23397.36
438.79,25351.22
363.83,16273.6
383.31,16565.83
535.81,12696.5
389.36,19827.3
356.68,15872.28
497.53,22000.2
501.8,29160.98
385.31,32224.49
354.17,10988.58
539.24,24028.52
441.63,34867.7
471.2,27040.07
512.22,12998.36
382.93,31374.8
400.11,34499.18
544.13,10835.64
377.25,30405.26
436.27,30288.86
371.36,15527.47
502.67,20392.2
460.2,16498.58
415.72,19191.26
376.76,28390.54
538.91,33685.66
424.14,11078.85
397.34,22053.44
367.71,29953.93
526.77,23099.21
515.95,17357.0
514.77,29486.52
492.69,17466.8
424.19,16316.0
389.34,17923.96
528.12,19408.05
368.47,34223.05
382.12,12352.09
471.97,17614.63
481.05,18556.72
357.13,20804.32
525.78,15629.61
384.3,22416.93
442.92,15842.04
461.47,15752.7
362.37,22308.86
518.09,29407.02
467.62,32261.75
470.21,28977.88
386.99,32440.06
548.96,13934.89
454.73,15996.33
388.41,17175.23
482.54,34525.09
430.22,22819.84
376.24,11170.74
381.31,22841.11
458.37,12940.96
527.65,31495.41
382.41,18528.03
484.24,28097.89
397.59,26237.9
498.25,34967.74
383.28,21939.77
407.07,27808.08
393.62,14179.25
421.92,16055.16
539.35,32088.64
446.61,26050.5
356.79,25268.02
506.8,25386.76
492.76,12468.42
532.36,11116.16
480.51,30848.8
402.16,18457.91
496.74,24295.7
404.28,34614.92
446.24,27697.37
501.03,24553.43
425.38,17729.51
498.46,27954.32
529.68,26080.5
455.63,28530.58
417.56,16605.59
403.26,33710.82
502.27,14168.73
393.33,12869.63
533.55,28874.17
360.27,21388.47
363.73,18597.96
473.59,27685.18
530.31,20457.51
390.21,10420.77
407.35,19930.51
535.12,23482.36
531.04,20497.87
485.35,18296.35
487.43,29180.83
537.17,33327.4
475.65,26828.19
541.94,10637.56
516.86,30065.41
547.56,20384.9
445.2,13128.39
391.66,13003.77
388.46,18682.56
412.61,20591.67
528.22,26815.65
527.46,16656.33
406.25,10557.11
408.78,31721.71
546.88,25364.83
379.04,13981.91
462.46,26703.36
477.58,24908.77
402.55,27338.35
477.99,24743.72
487.53,10218.67
517.03,22545.37
435.91,26399.15
549.69,30300.16
435.3,15859.64
542.19,12478.82
409.89,16186.51
371.48,24181.8
489.92,25985.19
537.73,34844.15
547.37,23343.38
429.51,31671.72
387.96,28309.92
486.31,11674.65
419.6,21593.52
469.37,11427.93
360.25,17562.65
357.96,30369.72
448.23,16781.69
419.64,30231.06
527.02,14625.75
505.56,18769.76
433.58,23268.34
539.27,14126.0
364.96,24068.79
455.48,24758.87
534.65,19117.8
381.16,22118.0
533.37,18242.26
525.41,21056.64
381.04,24611.79
432.84,14876.48
417.49,19374.2
492.73,34341.13
449.98,10818.69
434.31,14902.82
409.54,15142.22
457.33,31694.04
472.99,33737.57
535.57,30690.04
355.98,20146.32
409.28,28806.81
408.68,21408.74
395.91,30367.04
482.06,27588.07
436.19,34345.12
432.58,29285.16
450.44,20441.12
469.69,33120.31
381.14,25076.0
505.61,23855.77
458.59,30802.0
381.96,33106.64
513.89,28427.1
372.18,12763.62
355.86,31388.71
491.29,21352.2
368.83,23213.69
549.38,14099.34
391.25,31032.65
385.23,20156.97
419.08,15729.68
392.73,13807.96
482.26,18176.69
420.04,32532.32
501.14,21543.94
437.13,27973.74
459.91,26574.33
533.16,15585.09
468.11,12806.78
443.86,24151.13
422.51,26117.23
512.46,20775.33
360.41,12349.62
466.87,24487.2
372.34,13345.21
388.84,10079.91
381.0,28769.21
408.23,20724.94
501.28,21475.7
385.26,30514.73
374.34,24793.31
479.3,12983.64
512.74,26653.19
403.84,16490.32
446.73,16920.65
390.33,24643.82
431.73,29581.86
379.95,13950.45
480.84,21692.61
421.54,20236.38
393.47,26366.63
519.64,16245.51
354.02,20551.17
432.72,18879.71
498.23,29877.91
522.55,11229.85
387.68,13242.03
520.06,20560.62
408.08,20642.54
470.1,27979.88
351.66,16381.97
549.3,26771.07
373.78,13386.74
444.28,28548.33
424.63,28119.77
402.49,22640.17
483.65,26292.23
537.53,12839.87
507.94,22647.28
436.48,31090.05
414.86,11026.55
389.48,11139.91
465.56,34959.08
437.95,33044.24
442.84,29209.3
540.22,21580.53
395.41,10623.62
522.86,27346.16
405.21,22722.98
464.67,29446.04
442.09,15212.07
523.89,18047.75
515.16,14320.36
541.88,20672.29
493.75,11592.04
397.38,30109.76
523.42,18140.69
385.52,12365.83
355.55,10437.32
546.42,22214.53
435.1,26245.52
439.18,34502.75
478.91,33804.65
352.85,32200.42
513.62,15832.28
398.93,31653.99
503.73,16980.33
544.49,11348.51
544.59,32341.36
454.9,18582.17
382.48,26104.75
355.48,27990.19
469.86,22557.69
393.24,14809.53
427.06,10660.57
512.94,19667.75
447.33,30020.72
363.44,10439.07
420.42,16486.69
539.13,18619.14
385.86,14702.49
431.89,21880.86
460.42,28227.7
523.74,15470.1
549.06,11996.11
374.81,15951.27
529.78,30459.39
470.83,15650.61
455.4,24781.67
530.22,29547.19
430.71,19630.52
451.66,29658.68
425.2,30442.53
404.07,19313.97
369.83,30450.54
506.32,32790.58
443.82,13083.97
498.43,28655.16
468.34,15294.18
535.42,18426.95
447.39,30942.16
407.78,24507.07
426.63,29036.1
429.96,34363.53
535.85,14153.11
485.28,18443.86
390.9,16717.68
484.08,11065.46
350.53,34448.3
540.08,25064.31
529.45,29093.4
360.83,27491.77
462.42,25753.7
490.95,18851.81
461.04,16809.45
421.79,11091.41
485.73,28892.24
526.49,20507.9
515.83,14456.03
450.25,22402.49
464.97,25219.58
380.57,15079.31
425.6,24020.97
376.59,33052.52
468.43,33041.28
493.97,11896.03
534.36,23107.42
525.0,32581.08
459.9,34715.58
439.12,17446.44
399.01,18004.42
479.64,22321.21
547.46,15315.2
522.15,21603.89
495.34,28867.96
432.12,22369.0
386.74,15943.97
388.16,13350.11
515.29,26926.97
382.2,32355.56
379.85,11619.69
505.93,31161.69
430.19,25743.56
513.99,12930.71
476.78,14529.27
469.5,23925.87
509.23,34572.67
456.57,22521.3
469.91,27406.09
484.32,24436.62
431.08,14004.39
410.13,13858.55
423.12,12966.23
409.82,18193.07
522.61,21362.75
473.87,16326.63
374.11,20727.76
526.44,29199.22
511.75,17527.84
373.12,29603.43
464.16,22459.06
431.97,32837.7
491.03,34305.02
521.15,16209.35
529.04,32781.74
520.92,27126.84
492.65,18755.67
467.1,14479.17
521.91,21665.63
525.09,29758.5
406.33,21013.42
446.57,31618.19
533.96,17012.47
382.69,12911.47
510.17,33724.0
396.93,13174.53
409.47,22077.22
426.43,25900.75
414.79,18889.73
453.65,20138.57
527.37,20534.97
477.25,10701.52
484.73,20617.78
453.01,21469.06
373.96,33772.65
537.12,15381.88
526.58,28921.83
528.59,25863.98
355.16,33679.46
407.9,16515.61
548.8,27855.91
510.42,33236.85
419.18,21428.19
442.34,14894.35
414.05,18960.99
534.28,14385.85
399.89,26352.57
518.75,12455.68
523.58,16553.97
382.39,32002.47
415.42,12361.21
353.9,12237.06
498.76,22762.87
511.13,16177.69
516.36,13329.61
422.86,23321.17
430.98,24983.25
499.6,22850.56
453.44,19006.69
431.14,16008.47
548.52,29324.81
494.53,26578.35
521.6,15410.15
394.19,23968.0
497.01,33562.88
377.18,20710.15
378.38,22695.33
545.73,23703.49
519.44,11150.43
462.15,11605.41
468.37,14566.57
533.21,24076.79
498.92,22301.0
529.08,34070.97
387.08,29837.38
368.76,26912.82
448.86,26341.24
453.18,13515.94
532.41,30091.19
457.22,27466.51
444.01,29292.73
368.05,31366.37
432.25,26208.52
458.03,24270.13
366.66,15174.61
399.51,17853.19
508.47,25130.96
464.31,32521.29
416.92,18060.3
385.73,11393.42
518.51,27450.34
521.78,28675.94
420.62,22424.4
406.9,28169.1
384.34,12897.14
520.61,30754.96
504.38,29798.4
446.85,24285.47
518.62,31601.35
420.22,33526.62
402.56,32385.62
350.11,18768.61
391.96,10708.71
376.29,33299.99
449.72,12950.07
377.88,26556.42
426.58,13662.38
403.46,17042.68
387.17,28790.64
543.3,23259.09
496.02,34421.97
398.33,21067.56
431.47,33582.83
387.22,23532.08
448.3,22044.23
437.77,29367.76
427.73,15604.25
407.11,30710.58
493.81,32609.21
484.49,33895.0
410.32,28667.81
506.56,19550.48
418.29,25979.38
403.04,28399.48
509.06,29808.04
383.01,26966.97
489.77,29971.34
541.11,29313.81
376.54,10848.81
537.99,16511.93
421.28,26095.01
538.31,31211.28
446.0,30279.47
376.8,20622.35
356.25,29523.73
476.26,33339.59
433.85,14060.67
442.04,19884.39
362.25,27869.65
447.48,31226.98
368.61,31607.33
443.43,26154.81
426.31,28722.14
397.97,23049.97
470.63,13743.56
536.93,25389.11
530.75,10735.77
498.67,27155.72
468.97,27253.61
416.63,23331.63
425.23,33842.19
411.96,31063.21
462.26,25395.17
454.61,22573.91
415.57,25235.27
392.37,21814.54
468.89,27078.16
487.94,34356.25
463.19,34990.35
445.17,13736.7
455.85,29118.68
437.46,17628.39
479.16,30568.39
422.34,11676.55
488.36,29231.45
362.0,23807.36
409.16,25164.64
350.34,10663.9
487.76,10691.05
544.16,10094.82
364.41,12034.61
405.07,30959.66
430.66,17906.24
517.53,21457.25
510.71,22108.87
530.98,13222.48
448.05,29145.63
459.0,17119.19
514.45,30318.81
548.68,18091.96
456.78,23736.51
381.09,18676.04
471.07,20580.49
378.09,19049.22
380.75,20548.61
448.18,24622.7
455.26,13178.55
531.11,10390.17
535.08,14086.26
432.4,17911.43
492.95,23230.7
359.0,31763.29
413.95,16959.99
361.2,27606.61
524.1,27774.45
460.37,15816.6
532.56,12334.65
427.6,23122.61
363.03,19181.52
359.26,18977.62
393.18,32655.08
467.81,21413.57
510.25,17969.44
483.26,28050.91
432.61,17715.89
420.77,17947.59
513.77,11302.05
515.36,14440.67
508.41,32163.29
376.9,34825.88
458.15,23327.76
502.11,19143.14
534.86,25871.43
465.86,14813.17
361.59,10256.65
379.2,11863.58
414.24,26034.47
540.16,15387.89
491.15,21557.91
478.58,11381.17
378.29,20516.48
429.74,34919.71
476.75,27648.35
476.31,30183.42
480.3,30075.98
431.02,31859.87
512.51,10445.63
383.82,32780.27
414.04,11110.27
370.22,10230.1
485.47,13292.49
412.9,13538.88
396.07,26694.76
394.43,14882.97
409.13,30628.73
517.7,29500.59
460.25,30661.03
427.84,12305.1
361.07,18156.27
377.9,18036.91
447.94,17619.71
416.39,18514.39
399.09,10829.63
472.83,11296.55
385.13,12707.39
533.07,34609.65
526.83,32513.65
493.45,16056.73
424.07,24842.52
403.86,33353.2
522.07,10337.98
466.57,17748.71
469.09,10147.0
531.21,30808.1
477.47,34563.74
426.88,32847.04
378.91,14731.3
366.24,27116.83
449.31,14598.37
396.56,22775.28
477.62,28057.72
372.99,22275.75
540.42,26436.74
433.28,30070.39
376.35,34642.64
467.46,14500.59
479.11,28712.08
496.52,34188.52
399.36,25945.83
483.54,12668.11
386.25,12786.6
547.6,30980.15
526.37,14509.02
454.52,14405.43
407.65,21507.73
379.49,11008.0
392.02,29151.78
440.56,25894.14
372.38,34652.5
439.57,19342.89
481.66,24218.88
359.99,29218.41
380.12,12629.15
350.62,11777.18
492.82,16237.93
397.24,25169.95
458.43,15779.04
390.92,20741.23
486.55,33993.53
466.66,24542.81
438.01,16251.54
393.78,17958.8
389.91,14202.66
395.83,19935.53
443.97,11156.36
392.4,27331.56
415.78,12732.23
531.51,11890.38
450.58,31435.21
375.41,21973.8
352.19,18724.88
545.93,13103.69
540.75,27639.21
393.65,11733.77
355.83,18907.75
377.96,11004.47
413.65,18318.0
455.38,30605.34
470.57,19786.39
422.36,24874.93
513.28,17258.18
489.06,14263.32
456.68,10696.05
469.13,19725.57
385.19,20753.3
431.33,32186.81
398.64,28990.9
519.58,14975.65
411.88,17475.89
374.0,11383.57
397.64,28184.35
457.47,29567.82
542.91,18591.47
464.04,23147.13
418.56,32993.41
398.83,33475.71
529.46,21084.28
417.79,22891.73
398.98,11369.26
539.06,15023.75
475.14,31426.72
404.86,12901.61
408.98,25974.16
400.91,26637.49
367.6,10969.24
467.16,20041.84
435.27,28017.11
524.64,32150.54
377.5,24774.02
355.03,15288.41
494.75,17980.92
475.74,33375.86
453.76,23524.89
532.51,26837.29
539.86,30746.56
530.5,21538.97
395.51,33226.31
395.31,16141.17
428.95,10728.08
366.61,33907.17
453.38,34893.95
546.5,32561.95
425.44,17369.64
459.7,14050.65
485.78,26199.6
443.6,16952.93
430.49,24573.93
428.35,15521.73
352.71,14592.39
407.91,23281.06
430.13,27406.66
366.06,11682.06
500.23,22120.2
516.04,23997.35
544.21,17849.27
546.14,25252.93
428.18,34665.26
454.66,15261.39
360.48,21380.68
376.72,25510.93
542.85,31868.2
428.25,16893.24
376.07,21612.99
449.87,29825.46
363.17,26553.79
516.57,15344.13
512.2,15184.05
506.49,24103.91
545.5,20017.74
446.27,29664.5
545.7,29122.95
487.68,27367.1
406.63,28332.71
531.99,21934.23
476.06,11989.02
445.52,12795.03
445.36,17936.06
356.56,29801.19
362.63,20300.46
440.82,17875.84
547.66,14541.07
403.39,21574.05
436.06,29884.19
515.48,24824.96
454.58,15403.85
524.49,34746.32
526.08,13942.48
464.87,30086.04
480.95,22008.8
401.23,11636.51
436.74,11924.51
530.43,21406.25
530.55,19662.23
407.2,10528.69
354.87,18493.59
497.56,34918.16
475.21,12267.76
401.81,29395.86
536.12,24442.28
417.82,28345.23
521.67,27744.85
529.14,23480.47
354.5,12500.95
355.53,24002.95
472.11,23281.64
504.43,28019.17
476.13,30465.26
533.26,22858.38
494.91,18250.66
522.66,24853.18
520.12,11586.39
535.18,24241.74
413.03,30398.97
526.35,20762.47
486.26,23025.6
473.24,22622.36
502.52,22165.18
457.94,14437.09
506.64,33486.38
466.14,33823.07
398.38,28826.64
463.93,31948.7
447.29,11838.45
493.76,13449.55
536.39,12376.95
399.41,23722.13
354.75,15341.56
503.68,23616.41
506.27,25361.98
480.56,34271.11
445.31,32172.45
490.93,27524.32
423.24,16540.77
360.99,10931.78
406.54,27580.27
352.99,33712.96
369.22,10589.01
477.44,22470.07
486.69,21525.12
529.59,30581.56
453.74,20011.62
472.86,25990.51
433.76,14190.39
525.12,14785.06
430.36,19352.48
373.09,24149.46
468.06,10005.94
439.67,29453.93
484.43,33829.07
448.61,13716.93
519.33,14934.67
482.3,21307.34
382.95,25257.38
524.93,24501.96
384.76,10509.6
355.2,33458.29
512.6,28914.96
369.95,10285.71
365.96,30719.61
412.01,23104.56
521.23,25722.08
468.77,20471.41
440.74,27372.74
512.08,34146.4
440.85,34994.4
425.92,24658.48
511.78,22061.46
419.87,15035.32
427.23,22494.76
410.85,13511.31
460.62,20444.73
366.52,16558.72
439.34,31477.13
390.61,31120.54
448.95,31294.57
434.7,19282.27
380.67,17404.56
414.12,29908.36
386.14,20216.8
506.88,33244.55
533.58,32134.28
453.14,27731.46
443.02,22688.81
492.5,32162.02
370.31,34678.07
416.74,11461.68
455.52,19248.79
378.04,13891.41
425.13,23443.37
519.06,15792.79
482.96,19364.44
546.27,33964.64
379.68,12770.24
383.4,12845.43
462.96,23364.61
475.02,28936.45
529.51,13689.64
490.22,20794.8
436.67,33442.71
504.56,21500.78
362.07,34910.23
451.49,27201.14
375.69,31901.3
413.93,18335.32
517.9,18326.85
399.49,16454.91
545.41,29763.71
543.05,27669.56
366.76,24566.28
488.96,26802.14
451.24,31400.45
523.99,11321.84
500.94,16867.9
484.63,22873.22
462.24,30271.15
543.62,22132.63
448.09,12070.23
382.33,34172.71
496.14,14857.58
545.21,19562.2
518.68,29690.27
449.64,10111.3
531.06,22208.18
352.57,30548.17
509.62,30393.74
483.22,26969.3
537.46,31771.01
424.74,21803.54
351.35,11978.33
436.58,22022.26
481.14,23496.98
361.66,32736.72
502.57,28402.82
530.02,27814.72
465.92,11881.8
507.39,27282.08
368.13,27617.75
451.44,34328.06
408.33,29722.03
422.55,29347.77
541.68,16607.2
498.31,11452.34
499.48,18654.25
403.77,30647.11
398.75,30223.9
479.86,30313.0
412.75,29554.15
540.69,18701.51
538.02,28007.34
487.84,20248.7
505.47,16905.69
447.2,16730.16
495.61,31563.75
456.16,22087.94
479.68,32634.57
379.75,31886.04
429.43,16616.35
417.4,12251.13
517.57,11766.19
365.83,33191.81
482.59,21443.97
371.54,22899.66
480.08,30005.52
410.42,20989.91
364.63,13245.72
371.23,18994.91
377.73,33002.84
499.61,22282.38
447.73,17593.05
382.72,30435.04
402.43,19902.56
425.58,22660.56
459.83,13750.15
479.03,32270.49
426.96,31444.24
450.52,17598.92
542.4,32803.05
533.86,28409.91
451.59,15424.29
547.11,10195.98
513.0,32617.93
423.94,17224.21
536.99,16804.02
479.84,22252.5
355.91,28300.05
378.69,21192.74
392.2,18396.34
461.34,20878.58
373.04,20541.64
468.61,28111.22
395.8,27864.4
406.14,21930.15
494.88,24128.61
415.03,26325.36
520.22,26933.25
514.54,28315.74
429.2,28136.35
353.43,31963.45
505.54,31558.89
517.38,10306.92
499.97,30336.97
542.55,25440.21
544.96,30502.02
533.67,23758.49
418.04,11799.68
472.79,14376.05
429.77,18235.41
524.71,24687.39
396.24,27915.86
439.87,24310.29
359.3,33090.15
432.92,33667.16
489.02,11291.08
362.27,18214.92
500.88,25139.95
499.85,14778.37
542.1,29476.09
365.33,28563.96
362.92,11538.68
423.64,14743.11
471.93,25098.37
383.64,25638.05
541.47,30761.84
455.79,10897.14
383.67,23557.6
438.95,29275.89
362.85,24292.24
509.53,10237.96
471.5,19093.76
476.22,20228.35
387.85,16875.69
501.24,17362.92
502.36,29474.45
470.95,31536.88
471.3,32237.91
424.27,28581.29
374.43,15937.53
532.18,15164.75
444.64,13069.22
358.56,11717.33
469.72,21900.33
478.62,26046.11
523.82,26716.83
401.91,16586.91
351.17,33776.32
539.31,28446.1
353.81,14755.84
493.01,13162.75
475.86,28594.75
377.04,11350.63
467.51,16400.51
502.32,23781.28
451.83,28042.0
503.27,27548.99
418.81,20902.65
415.09,11530.56
542.08,24251.8
450.67,33994.08
500.11,11904.31
464.0,32725.15
421.36,19235.59
546.46,34905.59
491.59,31062.12
402.07,29930.17
513.83,13928.07
399.61,29464.94
365.51,10235.81
420.69,11576.02
355.74,27276.83
494.76,31572.77
409.91,28970.66
357.74,30522.25
361.51,13199.82
365.4,32581.94
425.06,23628.78
464.63,32765.65
487.33,29614.78
548.6,25818.27
435.89,20396.99
426.01,20107.71
479.97,11336.8
437.9,15426.22
360.72,14690.49
513.35,34776.06
485.2,27215.4
354.38,34318.83
370.95,22365.12
487.23,19780.24
403.97,14639.79
474.36,12805.6
424.01,11101.02
420.33,26562.57
542.6,21257.99
459.11,26693.43
546.72,27779.04
518.13,13832.96
546.34,12517.1
513.09,19160.38
526.04,30487.83
408.26,14444.68
397.08,23769.64
489.24,24938.67
400.25,13758.27
505.78,18762.25
436.23,11911.25
464.09,31953.08
389.65,18014.35
469.76,12385.9
480.24,15845.08
439.02,17508.2
440.95,17329.18
360.35,11099.1
424.91,23505.85
439.52,15764.0
484.37,12276.02
412.58,14139.61
369.31,34009.27
502.61,25527.67
437.06,22739.22
479.37,31935.92
450.38,33314.8
454.0,30872.05
499.2,34646.21
452.78,11935.93
397.43,34243.01
452.95,30357.71
529.83,31826.9
411.42,18579.88
465.25,33923.46
462.76,12745.14
511.6,13767.32
379.44,33238.92
452.61,20028.82
536.62,12681.66
403.72,33516.33
523.47,16931.95
374.19,11786.15
410.45,22475.32
536.03,31324.79
518.58,12124.16
453.66,14907.3
380.38,14290.58
433.86,16548.71
450.17,14309.96
458.91,18030.81
499.25,17664.67
393.74,27527.87
490.79,21023.5
503.96,23091.88
452.32,17636.46
416.56,30970.2
482.47,15644.91
391.35,10821.99
386.52,24697.47
386.34,33419.24
479.75,33609.06
390.7,22760.92
467.37,20360.39
387.73,20854.37
544.7,29537.61
476.97,30728.28
450.33,19958.46
376.47,33552.19
480.62,12290.77
428.61,24118.1
420.72,18847.89
375.0,23744.54
383.41,29248.98
489.5,21758.05
453.08,24332.07
501.67,19129.45
471.41,25820.8
471.11,28851.46
409.67,18988.78
474.27,15714.33
423.02,11490.96
417.43,24050.83
365.16,15580.59
516.77,20331.68
549.78,11665.97
503.33,19576.67
435.19,24323.54
495.89,17862.04
509.17,25882.75
440.01,29258.58
368.52,25941.11
548.83,17537.67
430.91,12145.5
402.13,32073.62
363.99,11691.29
548.47,12756.9
496.22,19292.09
510.34,29894.78
464.28,29516.29
358.9,15300.84
419.38,22392.42
415.24,33362.58
405.05,10531.35
410.78,11044.0
431.37,17662.29
461.0,28198.32
504.69,28817.83
523.79,27070.73
525.98,17085.64
386.7,27688.16
486.8,33416.06
484.97,30294.57
539.04,31806.49
470.92,16305.62
424.76,27224.55
403.4,14709.59
478.88,34003.31
522.81,18862.78
507.19,12830.58
473.52,31344.31
463.73,33510.8
498.37,13909.26
382.5,10291.01
377.67,33903.7
482.88,24665.75
357.89,21324.21
413.28,31683.19
354.94,13850.19
547.22,25241.85
488.33,22934.73
492.26,19516.9
501.92,17469.79
547.72,17052.69
547.0,13410.31
430.03,24702.64
488.66,16739.67
528.85,25428.56
369.85,33856.15
494.85,23597.49
517.84,10183.28
396.83,13903.85
358.27,16174.63
367.36,30140.87
476.48,15233.15
497.37,32313.33
463.04,10058.07
371.0,15148.91
459.09,23359.89
379.58,27360.69
499.75,11606.41
421.19,12525.71
424.83,10922.01
402.36,32344.4
436.4,10037.31
439.24,16434.66
392.84,20785.47
378.54,12660.94
423.9,24413.18
357.8,32926.68
535.31,26346.37
377.65,31008.92
464.11,12435.26
534.17,26482.67
391.89,32265.51
509.97,16871.13
491.36,19200.64
507.62,29652.83
362.78,33072.26
509.36,24331.04
384.14,25186.8
517.17,28263.98
540.82,10128.09
391.03,12718.41
432.17,16769.54
370.87,31420.79
391.9,20871.26
481.58,23725.28
355.39,17078.95
480.32,16196.77
368.37,25294.25
402.71,21799.57
370.81,15154.43
471.05,14148.69
386.46,16480.49
362.31,24674.25
532.25,22350.85
488.91,23671.77
549.49,16025.41
483.3,16013.08
463.26,18206.03
455.2,15661.03
469.4,28366.68
445.28,34557.48
542.58,22297.17
372.91,18602.16
399.16,18707.48
379.19,31823.97
414.16,32903.58
375.53,32298.37
385.01,32307.04
460.85,26975.4
445.01,24093.38
481.4,34458.35
398.28,19634.92
413.85,29393.42
481.08,29940.81
451.51,13235.6
419.11,15698.59
351.97,29619.97
444.55,13592.92
521.99,20716.17
383.16,33935.26
541.95,10044.9
469.31,24716.55
526.29,32458.62
405.88,14092.59
499.02,15084.6
478.43,33283.98
353.57,30780.37
415.15,21854.62
369.06,28440.89
425.51,16278.05
493.38,11504.35
367.33,23447.42
378.74,10141.64
425.76,15769.98
480.88,33644.09
373.74,33789.98
380.04,30815.26
467.93,19445.83
443.91,12330.62
534.3,29423.77
532.82,22538.71
366.11,18053.77
357.25,27086.61
485.01,17693.0
522.51,15991.21
486.5,16165.74
367.15,21679.69
487.71,20584.73
370.74,27242.3
440.53,27653.63
547.16,12114.99
383.09,32668.15
516.41,11807.86
398.59,25320.67
503.8,33866.4
429.1,14610.42
469.46,30559.81
433.19,23318.02
461.88,25622.48
356.84,18125.34
530.93,11367.64
441.84,15433.84
410.07,13141.62
486.39,10926.35
495.72,10326.56
459.38,17355.46
439.39,13106.82
351.8,26088.32
404.63,25030.37
354.6,30887.6
383.79,34491.82
427.78,10780.33
507.83,21036.24
465.14,12172.57
441.69,25703.3
543.59,26442.67
488.18,24992.39
356.94,17302.31
381.29,23008.62
484.67,10029.43
504.53,22248.78
433.99,28543.68
414.45,19400.32
501.57,27022.63
397.03,18785.25
498.85,21662.3
470.01,21988.24
484.84,19496.99
389.23,30509.86
457.13,32492.29
410.38,19804.61
437.34,24997.72
366.48,19379.98
384.36,28202.26
495.8,24448.06
494.43,34636.8
508.22,24893.7
385.65,12002.01
402.64,27025.79
436.95,28273.35
520.29,15552.74
410.28,16652.67
519.95,15039.53
412.82,27012.21
518.76,10651.01
521.43,33643.09
498.19,34054.31
475.36,32007.19
539.43,26320.97
379.28,30256.31
474.74,30237.03
360.54,22564.0
483.4,21070.89
447.52,33149.82
461.16,23870.25
382.55,33522.17
460.33,21384.16
484.27,18534.21
480.78,34210.89
419.83,33063.59
407.58,12075.96
375.95,29274.92
442.45,14274.43
433.54,27316.56
466.05,31039.65
524.8,20003.14
493.16,19992.98
511.29,23712.78
500.37,11237.07
447.64,33185.71
422.18,16753.88
464.59,26489.58
496.87,11205.02
440.49,17210.11
437.89,23126.23
524.19,31330.07
445.77,24370.43
435.78,17104.08
390.1,12321.89
525.91,26818.81
374.23,16192.52
467.01,17742.44
518.25,33291.28
394.94,10940.82
436.61,22878.28
472.33,19597.56
480.68,31396.56
417.05,13375.56
497.84,25921.49
417.28,17987.22
440.79,30741.17
512.75,13038.84
542.47,28088.82
482.05,23909.86
412.54,21732.44
491.69,31376.04
405.49,27160.95
471.77,20520.43
423.5,13865.46
507.04,23753.24
401.08,17308.87
455.33,12414.98
519.01,10381.94
389.95,13618.01
495.59,16940.88
388.27,20262.97
465.19,12089.28
482.62,15267.89
490.6,26992.76
356.05,11191.85
379.11,26792.39
357.44,18918.24
546.66,13059.98
385.92,18504.89
537.88,20169.64
369.49,33494.1
388.12,11317.44
544.65,21440.63
443.55,29717.55
413.72,14229.53
352.94,31518.32
548.19,16288.37
479.21,21644.33
386.94,20995.07
527.25,14841.46
363.55,21155.39
377.33,19420.84
368.21,14890.15
530.75,34227.66
377.3,22846.88
448.68,28164.26
477.83,13913.28
378.47,34674.05
417.01,28035.76
467.27,29628.52
363.39,34850.36
387.53,23957.24
522.47,20565.2
488.51,27791.21
406.76,18020.51
466.46,11149.41
530.8,18248.14
441.99,29790.68
370.04,24360.28
545.1,15271.79
413.77,15196.86
370.63,27726.96
435.0,20454.48
507.57,29186.26
491.13,31233.03
386.18,19021.31
465.67,15958.55
444.71,24882.8
535.66,28574.25
463.23,22220.45
543.15,34535.61
426.82,15568.14
423.56,16281.64
450.03,14756.88
544.28,34711.23
418.5,25420.95
387.04,28905.85
360.08,12915.79
427.45,22262.66
409.42,13331.94
453.26,28105.72
441.23,12934.85
428.52,12059.82
394.5,13374.69
395.07,27143.67
476.37,20633.29
456.36,22783.38
514.35,14361.43
524.38,24599.25
447.41,25797.86
488.22,25786.28
488.76,19984.41
487.96,20063.51
475.6,13993.67
496.69,19209.43
490.01,30923.38
437.7,31625.3
449.05,17912.59
411.67,28080.68
416.46,13310.17
414.83,11207.36
547.34,17824.73
416.96,28610.14
452.88,26260.74
534.08,28857.72
458.47,15963.43
449.03,20404.19
516.23,32116.48
376.44,12068.67
532.74,10574.23
381.57,17724.78
524.44,10956.1
414.58,17796.83
391.16,12571.24
420.87,28786.36
445.42,24974.71
542.75,19790.9
405.3,18464.33
361.71,30662.73
464.83,15688.26
435.54,17158.0
373.58,12614.76
367.04,19563.08
476.93,27908.46
378.13,22865.04
450.8,20410.89
401.59,14303.22
382.03,24867.36
433.48,31509.16
500.03,26537.64
496.97,34030.24
391.1,19651.58
498.11,25082.3
470.39,31126.0
364.06,26276.13
530.56,12596.58
378.99,19822.11
494.04,29862.3
372.14,27498.22
469.8,17774.15
519.5,22031.98
421.31,28125.63
495.54,18006.71
487.13,26037.6
352.67,10579.12
431.94,22997.29
412.26,17195.58
461.12,24762.5
430.81,25446.02
518.45,32448.57
496.41,30412.56
508.33,23140.49
527.22,19323.86
412.5,19178.65
539.53,17023.95
359.02,12314.38
506.51,24217.49
389.18,24234.78
419.47,23405.02
460.92,34721.33
379.07,26143.65
447.75,13415.7
402.88,25106.8
443.26,23904.57
508.51,14119.13
486.99,24881.17
384.51,29096.1
420.0,10189.2
542.25,29708.55
381.73,29385.31
393.59,33575.29
458.98,19611.66
503.42,32499.67
448.46,34954.89
493.33,17281.62
461.75,16708.49
405.6,21171.07
419.5,11240.18
391.53,33782.37
410.51,18509.11
423.19,30673.3
445.74,22272.87
461.92,29918.2
372.69,19312.31
420.1,33808.99
497.45,18150.39
406.82,17571.62
468.26,20481.73
382.27,32476.1
363.29,31267.5
467.74,25541.92
429.85,28776.58
541.22,12227.57
400.1,34439.88
411.58,25049.59
459.26,28138.05
421.71,13869.91
434.26,24656.1
354.61,29225.39
363.2,21219.85
465.01,19436.15
442.97,24420.73
474.55,20320.76
544.67,23919.12
367.06,28939.58
401.15,34839.24
544.37,11054.4
372.29,23290.66
427.04,18351.25
476.67,16841.66
465.27,34293.91
462.56,15309.68
369.61,25995.51
549.22,24861.66
518.94,31451.9
431.76,29400.32
404.23,27472.03
496.83,28694.03
488.89,28149.88
484.13,11535.13
371.4,22318.11
421.89,26985.87
501.98,33011.56
449.1,10985.6
366.18,11175.15
457.64,32361.39
403.15,25585.0
484.9,23680.24
379.82,23210.26
522.21,21002.93
523.93,21620.38
517.29,17145.82
457.97,13318.65
370.43,19913.5
370.12,11071.46
503.35,22617.46
430.41,32147.62
358.3,17320.97
353.27,11832.06
350.92,15923.33
494.16,13781.23
363.89,29308.24
432.25,25913.24
373.23,13078.1
542.81,20423.44
371.31,28481.78
397.47,28832.06
543.72,19414.71
540.35,16674.31
529.89,26678.57
493.29,16918.52
413.44,15612.95
392.85,21729.32
494.1,26428.44
361.36,26062.08
400.88,29007.86
365.63,21671.69
406.94,30039.98
446.47,19591.73
372.71,17697.31
434.55,19706.31
391.77,23159.91
489.75,18310.36
532.8,29698.61
520.83,32747.54
421.1,29683.2
366.58,12677.95
399.25,31707.68
540.92,13113.36
391.0,11310.95
500.35,16356.08
362.7,32387.82
538.58,12972.91
543.25,33659.64
542.05,10105.93
442.2,22348.97
388.54,16150.16
501.81,11268.82
469.58,32500.85
468.9,24749.5
370.45,14208.57
414.27,18133.23
412.23,18115.6
360.38,10492.26
507.42,16624.27
447.1,34157.13
387.86,29905.19
404.55,27630.12
417.99,34859.56
353.68,28577.13
519.87,14398.79
405.94,30829.73
354.85,27448.13
442.13,32065.75
531.58,12429.51
424.37,19683.96
398.41,31050.02
364.57,17580.63
432.47,19907.88
516.81,30990.24
478.85,34289.53
528.93,18287.83
437.51,12411.54
538.44,27510.35
405.85,23641.67
454.47,21240.95
389.14,26495.89
440.06,15722.51
392.32,24134.98
384.87,17782.52
428.84,20829.41
405.54,20318.73
365.93,30701.07
433.03,26760.59
430.06,15399.98
389.68,17202.48
396.44,12248.32
441.29,15248.09
507.35,12720.44
418.9,19692.18
546.21,33730.59
520.6,20435.34
357.21,18887.19
478.77,30838.31
454.82,21091.02
439.91,30850.4
525.72,25281.6
378.88,13295.94
508.8,15886.01
448.75,25906.58
502.24,27826.66
548.24,26016.31
490.51,12491.03
358.72,31725.04
535.45,29989.56
478.18,21282.14
410.17,21313.88
519.79,17127.26
543.15,19835.42
441.53,26256.14
424.96,24678.17
354.28,34809.22
356.64,30253.02
410.98,19223.11
407.97,32554.47
443.1,28234.97
422.94,30162.48
452.4,13699.58
533.77,26853.64
519.52,10758.56
504.17,13321.36
442.71,11913.01
402.76,32506.95
429.63,26020.31
504.84,22612.43
379.72,26658.23
388.0,27720.54
548.36,11199.23
496.94,28845.98
532.97,23530.09
547.44,21075.97
436.43,17789.92
402.92,13014.72
380.31,13795.13
441.91,27262.71
361.4,31942.6
353.07,15830.86
428.44,21336.69
477.8,27013.74
528.55,34216.64
440.32,11751.33
351.3,25956.87
509.28,22066.32
388.07,20429.74
513.15,24721.61
372.41,24009.81
536.43,15217.61
414.32,19035.59
350.56,18493.9
498.52,20273.77
427.27,30716.87
393.95,19672.95
495.17,32590.15
354.08,21811.86
497.32,17942.29
374.68,14240.14
376.62,25890.66
397.94,30059.41
373.61,32466.28
514.63,30697.13
541.62,30195.43
425.7,29635.71
464.55,28728.12
475.66,28958.34
446.54,12536.49
494.28,33103.35
507.11,21228.62
423.96,34285.68
458.63,31170.55
353.04,20240.53
495.0,17532.13
495.84,11984.05
460.47,29960.89
365.39,34400.13
419.23,17058.97
453.84,33929.18
398.47,33202.3
459.76,11268.1
370.76,14247.45
433.31,28030.7
491.93,13598.98
488.08,19977.04
412.88,18455.04
504.6,34388.17
374.56,23778.47
433.66,28533.32
426.26,19262.37
479.52,16527.38
497.5,10363.67
411.16,10519.92
477.52,16853.5
356.36,20681.34
400.69,13162.42
412.98,27858.13
486.1,25733.62
489.38,18953.63
536.23,20865.85
413.2,12868.43
388.58,29251.88
481.87,33216.66
375.21,25379.61
382.08,23198.81
396.15,23391.22
543.53,23084.87
507.98,25460.89
478.05,31074.14
400.2,34480.48
363.78,19720.26
390.79,11697.95
525.6,30376.32
363.91,10887.72
413.6,21292.49
408.89,27633.44
363.63,27095.71
463.42,31381.78
433.72,13813.44
444.85,30472.01
526.88,14988.0
485.88,15028.38
